ResidueName,l:GLU1,l:GLY2,l:PRO3,l:VAL4,l:GLY5,l:LEU6,l:ALA7,l:ASP8,l:PRO9,l:ASP10,l:GLY11,l:PRO12,l:ALA13,l:SER14,l:ALA15,l:PRO16,l:LEU17,l:GLY18,l:ALA19,l:PRO20
r:MET238,N,-,-,-,-,-,-,-,-,-,-,-,-,-,-,-,-,-,-,-
r:TYR239,Pi,N,-,N,-,-,-,-,N,N,-,-,-,-,-,-,-,-,-,-
r:GLU241,N,-,-,-,-,-,-,-,-,N,-,-,-,-,-,-,-,-,-,-
r:ASP291,SB,N,-,-,-,-,-,-,-,-,-,-,-,-,-,-,-,-,-,-
r:LYS355,N,H,N,N,-,-,-,-,-,-,-,-,-,-,-,-,-,-,-,-
r:ALA356,N,N,-,-,-,-,-,-,-,-,-,-,-,-,-,-,-,-,-,-
r:SER357,N,N,-,-,-,-,-,-,-,-,-,-,-,-,-,-,-,-,-,-
r:LYS358,N,N,-,-,-,-,-,-,-,-,-,N,N,N,-,-,-,-,-,-
r:ASP382,-,-,-,-,-,-,-,-,-,-,N,H,H,-,-,-,-,-,-,-
r:VAL383,N,-,-,-,-,-,-,-,-,-,-,N,-,-,-,-,-,-,-,-
r:THR385,-,-,-,-,-,-,-,-,-,-,-,N,-,-,-,-,-,-,-,-
r:LEU412,-,-,-,-,-,-,-,-,-,-,-,N,N,-,N,-,-,-,-,-
r:SER436,-,-,-,-,-,-,-,-,-,-,-,-,-,-,N,H,H,N,-,-
r:ASP440,-,-,-,-,-,-,-,-,-,-,-,-,-,-,-,-,N,H,-,-
r:LYS441,-,-,-,-,-,-,-,-,-,-,-,-,-,-,N,N,N,-,-,-
r:GLU444,-,-,-,-,-,-,-,-,-,-,-,-,-,-,-,-,N,-,-,N
r:SER451,-,-,-,-,-,-,-,-,-,-,-,-,-,-,-,-,N,-,-,H
r:VAL452,-,-,-,-,-,-,-,-,-,-,-,-,-,N,N,N,N,-,-,N
r:LEU453,-,-,-,-,-,-,-,-,-,-,-,-,-,N,N,-,-,-,-,-
r:PRO454,-,-,-,-,-,-,-,-,-,-,-,-,H,H,N,-,-,-,-,-
r:ALA456,-,-,-,-,-,-,-,-,-,-,-,N,N,N,-,-,-,-,-,-
r:TYR492,N,N,H,-,-,-,-,-,-,-,-,-,-,-,-,-,-,-,-,-
r:LEU493,N,N,N,-,-,-,-,-,-,-,-,-,-,N,-,-,-,-,-,-
r:ASP496,-,-,-,-,-,-,-,-,-,-,-,-,-,N,-,-,-,-,-,-
r:ARG497,-,-,-,-,-,-,-,-,-,-,-,-,-,N,N,N,N,-,N,H
r:THR523,-,-,-,-,-,-,-,-,-,-,-,N,N,-,-,-,-,-,-,-
r:ASP524,-,-,-,-,-,-,-,-,-,-,N,H,-,-,-,-,-,-,-,-
r:GLY531,-,-,-,-,-,-,-,N,-,-,-,-,-,-,-,-,-,-,-,-
r:SER534,-,-,-,-,-,N,N,H,-,-,-,-,-,-,-,-,-,-,-,-
r:GLN535,-,-,-,-,-,-,N,N,-,N,N,N,N,-,-,-,-,-,-,-
r:LYS537,-,-,N,-,-,H,N,N,-,-,-,-,-,-,-,-,-,-,-,-
r:ARG538,H,N,H,N,-,N,N,H,H,N,-,-,-,N,-,-,-,-,-,-
r:TRP539,-,-,-,-,-,-,-,-,-,N,N,N,H,N,N,Pi,-,-,N,-
r:LEU540,-,-,-,-,-,-,-,-,-,-,-,-,-,-,-,N,-,-,N,-
r:ALA543,-,-,-,-,-,-,-,-,-,-,-,-,-,-,-,N,N,-,N,N
r:THR547,-,-,-,-,-,-,-,-,-,-,-,-,-,-,-,-,-,-,-,N
r:HIS578,-,-,-,-,-,-,-,-,-,-,-,-,-,-,-,-,-,-,-,N
r:TYR581,-,-,-,-,-,-,-,-,-,-,-,-,-,-,-,-,N,N,N,Pi
r:THR582,-,-,-,-,-,-,-,-,-,-,-,-,-,-,-,-,-,-,-,N
r:ASN648,-,-,-,-,N,N,N,-,-,-,-,-,-,-,-,-,-,-,-,-
r:TYR732,-,-,-,-,-,N,N,-,-,-,-,-,-,-,-,-,-,-,-,-
r:ASN736,-,-,-,-,-,N,-,-,-,-,-,-,-,-,-,-,-,-,-,-
r:ASP739,-,-,N,-,-,N,N,-,-,-,-,-,-,-,-,-,-,-,-,-
r:LEU740,-,-,N,-,-,-,-,-,-,-,-,-,-,-,-,-,-,-,-,-
